<?xml version="1.0" encoding="UTF-8"?>
    <addon id="repository.elangelcaido" name="El_Angel_Caido" version="0.1.0" provider-name="El Angel Caido">
        <requires>
            <import addon="xbmc.addon" version="12.0.0"/>
        </requires>
        <extension point="xbmc.addon.repository" name="El_Angel_Caido">
            <info compressed="false">https://raw.githubusercontent.com/elangelcaido/repository.elangelcaido/_repo/addons.xml</info>
            <checksum>https://raw.githubusercontent.com/elangelcaido/repository.elangelcaido/_repo/addons.xml.md5</checksum>
            <datadir zip="true">https://raw.githubusercontent.com/elangelcaido/repository.elangelcaido/_repo/</datadir>
            <hashes>false</hashes>
        </extension>
        <extension point="xbmc.addon.metadata">
            <summary>Addons para KODI</summary>
            <description>Repositorio de Addons para KODI con actualizaciones.</description>
            <platform>all</platform>
    </extension>
</addon>